Typ,Model auta,Cena (Kč),Nájezd (km),Rok výroby,Palivo,Objem motoru,Typ motoru,Hybrid typ,Výkon (kW),Převodovka,Dvouspojková převodovka,Filtr pevných částic,Kola,Náhon 4x4,Karoserie,Výbava,Záruka,Tepelné čerpadlo,Spárováno,Extra,Stav,Zdroj
Spalovací,Škoda Karoq 2.0 TDI,352000,235235,2019,Nafta,2.0,TDI,,110,Automat,Ano,,"ALU 18""",Ano,,,Ano,,Ano,,Dostupný,Autodraft.cz
Spalovací,Audi A4 Avant 35 TFSI (Kombi),568000,41941,2022,Benzín,2.0,TSI,,110,Automat,Ano,,,Ne,,,Ano,,Ano,,Dostupný,Autodraft.cz
Spalovací,Škoda Karoq 2.0 TDI,443000,147337,2021,Nafta,2.0,TDI,,110,Automat,Ano,,ALU 18'',Ano,,Style,Ano,,Ano,,Dostupný,Autodraft.cz
Spalovací,Mercedes-Benz C 220d,852000,53155,2023,Nafta,,,,195,Automat,,,,Ne,,AVANTGARDE,Ano,,Ano,,Dostupný,Autodraft.cz
Spalovací,Mercedes-Benz C 220d,735000,42158,2022,Nafta,,,,147,Automat,,,,Ano,,AVANTGARDE,Ano,,Ano,,Dostupný,Autodraft.cz
Spalovací,Porsche 911 Targa 4S 3.0 Turbo,3362000,58801,2021,Benzín,3.0,Turbo,,331,Manual,,,,Ano,,,,,Ano,+ 7st. manuální převodovka Porsche Ceramic Composite Brake Sport-Chrono paket,Dostupný,Autodraft.cz
Spalovací,Mercedes-Benz GLB 200 (5místná verze),912000,15039,2024,Nafta,,,,110,Automat,,,ALU 18'',Ano,,,Ano,,Ano,,Dostupný,Autodraft.cz
Spalovací,VW Arteon Shooting Brake 2.0 TDI,394000,152047,2017,Nafta,2.0,TDI,,176,Automat,Ano,,ALU 18'',Ano,,Elegance,,,Ano,,Dostupný,Autodraft.cz
Spalovací,VW Passat B8 Variant Elegance 2.0 TDI,448000,103235,2022,Nafta,2.0,TDI,,110,Automat,Ano,,ALU 16'',Ne,Variant,,,,Ano,,Dostupný,Autodraft.cz
Spalovací,Škoda Karoq 2.0 TDI,527000,88886,2023,Nafta,2.0,TDI,,85,Automat,Ano,,ALU 17'',Ne,,,Ano,,Ano,,Dostupný,Autodraft.cz
Spalovací,Škoda Karoq 2.0 TDI,429000,160801,2023,Nafta,2.0,TDI,,85,Automat,Ano,,ALU 17'',Ne,,,Ano,,Ano,,Dostupný,Autodraft.cz
Spalovací,Audi A8 60 Bi- 4.0 TFSI,1395000,95542,2022,Benzín,4.0,TFSI,,338,Automat,,,ALU 20'',Ano,,S-Line,Ano,,Ano,,Dostupný,Autodraft.cz
Spalovací,"Škoda Kodiaq iV (Gen 2, PHEV)",876000,57833,2023,Nafta,2.0,TDI,,147,Automat,Ano,,ALU 19'',Ano,,Laurin & Klement,,,Ano,,Dostupný,Autodraft.cz
Spalovací,VW Golf Hatchback 2.0 TDI (Gen 8),497000,136130,2022,Nafta,2.0,TDI,,147,Automat,Ano,,2x sada ALU 17'',Ano,Variant,Alltrack,Ano,,Ano,,Dostupný,Autodraft.cz
Spalovací,Škoda Karoq 2.0 TDI,424000,165536,2023,Nafta,2.0,TDI,,85,Automat,Ano,,ALU 17'',Ne,,,Ano,,Ano,,Dostupný,Autodraft.cz
Spalovací,Škoda Karoq 2.0 TDI,449000,118926,2023,Nafta,2.0,TDI,,85,Automat,Ano,,ALU 17'',Ne,,,Ano,,Ano,,Dostupný,Autodraft.cz
Spalovací,VW Golf Hatchback 1.5 TSI (Gen 8),549000,24070,2025,Benzín,1.5,TSI,,85,Manual,,,ALU 16'',Ne,,,Ano,,Ano,,Dostupný,Autodraft.cz
Spalovací,Škoda Karoq 2.0 TDI,457000,130744,2023,Nafta,2.0,TDI,,85,Manual,,,ALU 17'',Ne,,,Ano,,Ano,,Dostupný,Autodraft.cz
Spalovací,VW Passat B8 Variant Elegance 2.0 TDI,386000,188678,2022,Nafta,2.0,TDI,,110,Automat,Ano,,ALU 16'',Ne,Variant,,,,Ano,,Dostupný,Autodraft.cz
Spalovací,VW Golf Hatchback 2.0 TDI (Gen 8),457000,83944,2022,Nafta,2.0,TDI,,110,Automat,Ano,,ALU 16'',Ne,,,Ano,,Ano,,Dostupný,Autodraft.cz
Spalovací,VW Golf Hatchback 2.0 TDI (Gen 8),368000,179879,2021,Nafta,2.0,TDI,,110,Automat,Ano,,ALU 16'',Ne,Variant,Life,Ano,,Ano,,Dostupný,Autodraft.cz
Spalovací,prodané Škoda Karoq 2.0 TDI,449000,170463,2022,Nafta,2.0,TDI,,110,Automat,Ano,,ALU 18'' prodané,Ano,,Style,Ano,,Ne,,Dostupný,Autodraft.cz
Spalovací,VW Golf Hatchback 2.0 TDI (Gen 8),409000,129600,2021,Nafta,2.0,TDI,,110,Automat,Ano,,ALU 16'',Ne,Variant,Life,Ano,,Ano,,Dostupný,Autodraft.cz
Spalovací,VW Golf Variant 1.5 eTSI (Gen 8),458000,139528,2023,Benzín,1.5,TSI,,110,,,,ALU 18'',Ne,Variant,Highline,Ano,,Ano,,Dostupný,Autodraft.cz
Spalovací,VW Passat B8 Variant Elegance 2.0 TDI,398000,169394,2020,Nafta,2.0,TDI,,110,Automat,Ano,,,Ne,Variant,,,,Ano,,Dostupný,Autodraft.cz
Spalovací,Škoda Karoq 2.0 TDI,597000,118854,2021,Nafta,2.0,TDI,,110,Automat,Ano,,ALU 19'',Ano,,Sportline,Ano,,Ano,,Dostupný,Autodraft.cz
Spalovací,Škoda Superb 3 Combi Style 2.0 TDI,508000,166802,2022,Nafta,2.0,TDI,,110,Automat,Ano,,ALU 17'',Ne,Combi,Style,,,Ano,,Dostupný,Autodraft.cz
Spalovací,VW Golf Hatchback 2.0 TDI (Gen 8),399000,162870,2022,Nafta,2.0,TDI,,110,Automat,Ano,,ALU 16'',Ne,Variant,,Ano,,Ano,,Dostupný,Autodraft.cz
Spalovací,VW Passat B8 Variant Elegance 2.0 TDI,626000,90413,2022,Nafta,2.0,TDI,,147,Automat,Ano,,ALU 18''+ ALU 16'',Ne,Variant,Elegance,,,Ano,,Dostupný,Autodraft.cz
Spalovací,Škoda Octavia Combi iV (PHEV),547000,161327,2022,Nafta,2.0,TDI,,147,Automat,Ano,,ALU 19'',Ne,Combi,,,,Ano,,Dostupný,Autodraft.cz
Spalovací,VW Golf Variant 1.5 eTSI (Gen 8),262000,210939,2021,Benzín,1.5,TSI,,110,Automat,Ano,,ALU 17'',Ne,Variant,Highline,,,Ano,,Dostupný,Autodraft.cz
Spalovací,VW Golf Hatchback 2.0 TDI (Gen 8),495000,87717,2022,Nafta,2.0,TDI,,110,Automat,Ano,,ALU 17''+ zimní sada,Ne,Variant,Style,Ano,,Ano,,Dostupný,Autodraft.cz
Spalovací,Škoda Superb 3 Combi Style 2.0 TDI,587000,166022,2022,Nafta,2.0,TDI,,147,Automat,Ano,,ALU 19'',Ne,Combi,Sportline,,,Ano,,Dostupný,Autodraft.cz
Spalovací,VW Tiguan Life 1.5 TSI (Gen 2),567000,79421,2022,Benzín,1.5,TSI,,110,Automat,Ano,,,Ne,,Life,,,Ano,,Dostupný,Autodraft.cz
Spalovací,VW Passat B8 Variant Elegance 2.0 TDI,446000,119673,2020,Nafta,2.0,TDI,,110,Automat,Ano,,ALU 17'',Ne,Variant,Elegance,,,Ano,,Dostupný,Autodraft.cz
Spalovací,zálohované Volkswagen Golf 8 1.5 TSI,596000,8102,2025,Benzín,1.5,TSI,,110,Manual,,,,Ne,,,Ano,,Ne,zálohované,Dostupný,Autodraft.cz
Spalovací,Škoda Superb 3 Combi Style 2.0 TDI,459000,188269,2022,Nafta,2.0,TDI,,147,Automat,Ano,,ALU 17'',Ne,Combi,Style,,,Ano,,Dostupný,Autodraft.cz
Spalovací,VW Golf Hatchback 2.0 TDI (Gen 8),396000,162993,2022,Nafta,2.0,TDI,,110,Automat,Ano,,ALU 17''+ zimní sada,Ne,,Style,Ano,,Ano,,Dostupný,Autodraft.cz
Spalovací,Škoda Superb 3 Combi Style 2.0 TDI,596000,100728,2023,Nafta,2.0,TDI,,147,Automat,Ano,,ALU 18'',Ne,Combi,Style,,,Ano,,Dostupný,Autodraft.cz
Spalovací,VW Touran 1.5 TSI (5místná verze),496000,152205,2022,Nafta,2.0,TDI,,110,Automat,Ano,,ALU 16''+ zimní sada,Ne,,,,,Ano,,Dostupný,Autodraft.cz
Elektrické,Škoda Enyaq iV 50,631000,16337,2023,Elektro,,,,109,,,,ALU 18'',Ne,,,,Ne,,,Dostupný,Autodraft.cz
Spalovací,Škoda Karoq 2.0 TDI,549000,125849,2022,Nafta,2.0,TDI,,110,Automat,Ano,,ALU 18''+ ALU 17'',Ano,,Style,Ano,,Ano,,Dostupný,Autodraft.cz
Spalovací,VW Golf Hatchback 1.5 TSI (Gen 8),469000,43642,2023,Benzín,1.5,TSI,,96,Manual,,,ALU 16'',Ne,,,Ano,,Ano,,Dostupný,Autodraft.cz
Spalovací,VW Arteon Shooting Brake 2.0 TDI,710000,98498,2021,Nafta,2.0,TDI,,147,Automat,Ano,,ALU 20'',Ne,,R-Line,,,Ano,,Dostupný,Autodraft.cz
Spalovací,Škoda Superb 3 Combi Style 2.0 TDI,686000,89367,2022,Nafta,2.0,TDI,,147,Automat,Ano,,2x sada ALU 18'',Ano,Combi,Style,,,Ano,,Dostupný,Autodraft.cz
Spalovací,VW Caddy 1.5 TSI,517000,57939,2021,Benzín,1.5,TSI,,84,,,,,Ne,,,,,Ano,57 939 km 2 2021 517 000 Kč,Dostupný,Autodraft.cz
Spalovací,Škoda Octavia Combi iV (PHEV),656000,73705,2023,Nafta,2.0,TDI,,110,Automat,Ano,,ALU 18''+ zimní pneu,Ano,Combi,Scout,,,Ano,,Dostupný,Autodraft.cz
Spalovací,VW Golf Variant 1.5 eTSI (Gen 8),420000,129953,2021,Benzín,1.5,TSI,,96,Manual,,,ALU 17'',Ne,Variant,Style,Ano,,Ano,,Dostupný,Autodraft.cz
Spalovací,Škoda Octavia Combi 1.5 TSI,590000,18451,2024,Benzín,1.5,TSI,,110,Manual,,,ALU 17''/ Phoenix-Orange Premium Metallic,Ne,Combi,Style,,,Ano,,Zamluvené,Autodraft.cz
Spalovací,Seat Ateca 1.5 TSI,498000,93642,2022,Nafta,2.0,TDI,,110,Automat,Ano,,ALU 18'',Ne,,,,,Ano,,Dostupný,Autodraft.cz
Spalovací,VW Golf Hatchback 2.0 TDI (Gen 8),338000,180351,2022,Nafta,2.0,TDI,,110,,,,ALU 16'',Ne,Variant,,Ano,,Ano,,Dostupný,Autodraft.cz
Spalovací,VW Golf Hatchback 2.0 TDI (Gen 8),472000,103478,2022,Nafta,2.0,TDI,,110,Automat,Ano,,ALU 16'',Ne,Variant,,Ano,,Ano,,Dostupný,Autodraft.cz
Spalovací,VW Passat B8 Variant Elegance 2.0 TDI,398000,169820,2023,Nafta,2.0,TDI,,110,Automat,Ano,,ALU 16'',Ne,Variant,,,,Ano,,Dostupný,Autodraft.cz
Spalovací,Škoda Superb 3 Combi Style 2.0 TDI,636000,142825,2022,Nafta,2.0,TDI,,147,Automat,Ano,,ALU 19'',Ne,Combi,Sportline,,,Ano,,Dostupný,Autodraft.cz
Spalovací,VW Golf Hatchback 2.0 TDI (Gen 8),467000,119773,2022,Nafta,2.0,TDI,,110,Automat,Ano,,ALU 16'',Ne,Variant,,Ano,,Ano,,Dostupný,Autodraft.cz
Spalovací,VW Passat B8 Variant Elegance 2.0 TDI,492000,151961,2022,Nafta,2.0,TDI,,147,Automat,Ano,,ALU 17'',Ano,Variant,,,,Ano,,Dostupný,Autodraft.cz
Spalovací,VW Tiguan Allspace 2.0 TDI (5místná verze),712000,82768,2021,Nafta,2.0,TDI,,147,Automat,Ano,,ALU 18''+ zimní pneu,Ano,Allspace,Highline,,,Ano,,Zamluvené,Autodraft.cz
Spalovací,VW Passat B8 Variant Elegance 2.0 TDI,496000,113680,2023,Nafta,2.0,TDI,,110,Automat,Ano,,ALU 16''+ zimní sada,Ne,Variant,,,,Ano,,Dostupný,Autodraft.cz
Spalovací,VW Tiguan Allspace 2.0 TDI (5místná verze),769000,25767,2025,Nafta,2.0,TDI,,110,Automat,Ano,,ALU 18'',Ne,,,,,Ano,,Dostupný,Autodraft.cz
Spalovací,Škoda Superb 3 Combi Style 2.0 TDI,646000,98666,2023,Nafta,2.0,TDI,,147,Automat,Ano,,ALU 17'',Ano,Combi,Style,,,Ano,,Dostupný,Autodraft.cz
Spalovací,Škoda Superb 3 Combi Style 2.0 TDI,478000,110367,2019,Nafta,2.0,TDI,,140,Automat,Ano,,,Ano,,Laurin & Klement,,,Ano,Webasto,Dostupný,Autodraft.cz
Spalovací,VW T6 Multivan 2.0 TDI,922000,127027,2019,Nafta,2.0,TDI,PHEV,146,Automat,Ano,,,Ano,,PanAmericana,,,Ano,,Dostupný,Autodraft.cz
Spalovací,Škoda Octavia Combi iV (PHEV),558000,136918,2022,Nafta,2.0,TDI,,147,Automat,Ano,,ALU 18''+ ALU 17'',Ano,Combi,Scout,,,Ano,,Dostupný,Autodraft.cz
Spalovací,Škoda Octavia Combi iV (PHEV),548000,159739,2022,Nafta,2.0,TDI,,147,Automat,Ano,,ALU 18'',Ano,Combi,Scout,,,Ano,,Dostupný,Autodraft.cz
Spalovací,Škoda Superb 3 Combi Style 2.0 TDI,558000,128736,2022,Nafta,2.0,TDI,,147,Automat,Ano,,2x sada ALU 17'',Ne,Combi,Style,,,Ano,,Dostupný,Autodraft.cz
Spalovací,Škoda Superb 3 Combi Style 2.0 TDI,554000,152545,2022,Nafta,2.0,TDI,,147,Automat,Ano,,ALU 17'',Ne,Combi,Style,,,Ano,,Dostupný,Autodraft.cz
Spalovací,Škoda Superb 3 Combi Style 2.0 TDI,687000,72782,2022,Nafta,2.0,TDI,,147,Automat,Ano,,ALU 18'',Ne,,Style,,,Ano,,Dostupný,Autodraft.cz
Elektrické,VW ID.4 Pure Performance electric,518000,30065,2022,Elektro,,,,125,,,,Sada 19''+ 18'',Ne,,,,Ne,,,Dostupný,Autodraft.cz
Spalovací,Škoda Octavia Combi 1.5 TSI,432000,95954,2022,Benzín,1.5,TSI,,110,Manual,,,ALU 16'',Ne,Combi,,,,Ano,,Dostupný,Autodraft.cz
Spalovací,VW Taigo 1.0 TSI,542000,92341,2023,Benzín,1.5,TSI,,110,Automat,Ano,,ALU 18''+ ALU 17'',Ne,,R-Line,,,Ano,,Dostupný,Autodraft.cz
Spalovací,VW Passat B8 Variant Elegance 2.0 TDI,452000,153650,2021,Nafta,2.0,TDI,,110,Automat,Ano,,ALU 18''+ zimní sada,Ne,Variant,,,,Ano,,Dostupný,Autodraft.cz
Spalovací,Škoda Octavia 4 Lim. Style 1.5 TSI,642000,91875,2023,Nafta,2.0,TDI,,147,Automat,Ano,,ALU 18'',Ne,,,,,Ano,,Dostupný,Autodraft.cz
Spalovací,Škoda Superb 3 Combi Style 2.0 TDI,529000,108805,2022,Nafta,2.0,TDI,,110,Automat,Ano,,ALU 18''+ ALU 17'',Ne,,Style,,,Ano,,Dostupný,Autodraft.cz
Spalovací,"Škoda Kodiaq iV (Gen 2, PHEV)",916000,25059,2023,Nafta,2.0,TDI,,147,Automat,Ano,,2x sada ALU 18'',Ano,,Style,,,Ano,,Dostupný,Autodraft.cz
Spalovací,Škoda Octavia Combi 1.5 TSI,464000,19277,2021,Benzín,1.5,TSI,,110,,,,ALU 16'',Ne,Combi,,,,Ano,,Dostupný,Autodraft.cz
Spalovací,"Škoda Kodiaq iV (Gen 2, PHEV)",662000,164051,2022,Nafta,2.0,TDI,,147,Automat,Ano,,ALU 19''+ ALU 18'',Ano,,Style,,,Ano,,Dostupný,Autodraft.cz
Spalovací,Škoda Superb 3 Combi Style 2.0 TDI,527000,141997,2021,Nafta,2.0,TDI,,147,Automat,Ano,,ALU 17'',Ne,Combi,Style,,,Ano,,Dostupný,Autodraft.cz
Spalovací,VW Tiguan Allspace 2.0 TDI (5místná verze),698000,97880,2023,Nafta,2.0,TDI,,110,Automat,Ano,,ALU 18''+ ALU 17'',Ne,,Elegance,,,Ano,,Dostupný,Autodraft.cz
Spalovací,VW Passat B8 Variant Elegance 2.0 TDI,422000,163285,2022,Nafta,2.0,TDI,,110,Automat,Ano,,ALU 16''+ zimní sada,Ne,Variant,,,,Ano,,Dostupný,Autodraft.cz
Spalovací,VW Tiguan Allspace 2.0 TDI (5místná verze),716000,97629,2022,Nafta,2.0,TDI,,147,Automat,Ano,,ALU 19'',Ano,,Elegance,,,Ano,,Dostupný,Autodraft.cz
Spalovací,VW Golf Variant 1.5 eTSI (Gen 8),392000,115757,2020,Benzín,1.5,TSI,,96,,,,ALU 17'',Ne,Variant,,Ano,,Ano,,Dostupný,Autodraft.cz
Spalovací,Škoda Octavia Combi iV (PHEV),609000,71411,2023,Nafta,2.0,TDI,,110,Automat,Ano,,ALU 18''+ zimní sada,Ne,Combi,Sportline,,,Ano,,Dostupný,Autodraft.cz
Spalovací,VW Sharan 2.0 TDI (5místná verze),427000,148736,2015,Nafta,2.0,TDI,,103,Automat,Ano,,ALU 18'',Ne,,,,,Ano,Int. dětské sedačky,Dostupný,Autodraft.cz
Spalovací,VW Touran 1.5 TSI (5místná verze),274000,88902,2011,Benzín,1.4,TSI,,103,Automat,,,ALU 17'',Ne,,Highline,,,Ano,,Dostupný,Autodraft.cz
Spalovací,Škoda Octavia Combi iV (PHEV),686000,66905,2023,Nafta,2.0,TDI,,147,Automat,Ano,,ALU 18''/ Webasto,Ne,Combi,,,,Ano,,Dostupný,Autodraft.cz
Spalovací,"Škoda Kodiaq iV (Gen 2, PHEV)",969000,34602,2024,Nafta,2.0,TDI,,147,Automat,Ano,,ALU 20'',Ano,,Sportline,,,Ano,,Prodané,Autodraft.cz
Spalovací,VW Passat B8 Variant Elegance 2.0 TDI,436000,176886,2020,Nafta,2.0,TDI,,110,Automat,Ano,,ALU 16'',Ne,Variant,,,,Ano,,Dostupný,Autodraft.cz
Spalovací,VW Passat B8 Variant Elegance 2.0 TDI,288000,264776,2019,Nafta,2.0,TDI,,140,Automat,Ano,,ALU 16'',Ne,Variant,,,,Ano,,Dostupný,Autodraft.cz
Spalovací,Seat Ateca 1.5 TSI,424000,129063,2022,Nafta,2.0,TDI,,110,Automat,Ano,,ALU 17'',Ne,,Style,,,Ano,,Zamluvené,Autodraft.cz
Spalovací,Seat Ateca 1.5 TSI,398000,167337,2020,Nafta,2.0,TDI,,110,Automat,Ano,,ALU 17'',Ne,,Style,,,Ano,,Dostupný,Autodraft.cz
Spalovací,Cupra Formentor 1.5 TSI,685000,46380,2023,Benzín,2.0,TSI,,140,Automat,Ano,,ALU 19'',Ano,,,,,Ano,,Dostupný,Autodraft.cz
Spalovací,VW Tiguan Allspace 2.0 TDI (5místná verze),458000,107591,2017,Nafta,2.0,TDI,,140,Automat,Ano,,ALU 17'',Ano,,,,,Ano,,Dostupný,Autodraft.cz
Spalovací,VW Arteon Shooting Brake 2.0 TDI,786000,35371,2023,Nafta,2.0,TDI,,110,Automat,Ano,,ALU 18'',Ne,,R-Line,,,Ano,,Dostupný,Autodraft.cz
Spalovací,Škoda Octavia Combi 1.5 TSI,452000,85374,2022,Benzín,1.5,TSI,,110,,,,ALU 16''+ zimní sada,Ne,Combi,,,,Ano,,Dostupný,Autodraft.cz
Spalovací,VW Passat B8 Variant Elegance 2.0 TDI,582000,146543,2022,Nafta,2.0,TDI,,147,Automat,Ano,,ALU 17''+ ALU 18'',Ne,Variant,Elegance,,,Ano,,Dostupný,Autodraft.cz
Spalovací,VW Passat B8 Variant Elegance 2.0 TDI,596000,66758,2022,Nafta,2.0,TDI,,110,Automat,Ano,,ALU 17'',Ne,Variant,Elegance,,,Ano,,Dostupný,Autodraft.cz
Spalovací,VW Passat B8 Variant Elegance 2.0 TDI,609000,110838,2021,Nafta,2.0,TDI,,147,Automat,Ano,,ALU 19'',Ano,Variant,Elegance,,,Ano,,Dostupný,Autodraft.cz
Spalovací,VW Passat B8 Variant Elegance 2.0 TDI,476000,161604,2022,Nafta,2.0,TDI,,147,Automat,Ano,,ALU 17'',Ano,Variant,,,,Ano,,Dostupný,Autodraft.cz
Spalovací,VW T6 Multivan 2.0 TDI,832000,69299,2024,Nafta,2.0,TDI,,110,Automat,Ano,,,Ne,Combi,,,,Ano,,Dostupný,Autodraft.cz
Spalovací,Škoda Octavia 4 Lim. Style 1.5 TSI,468000,104676,2022,Nafta,2.0,TDI,,85,Manual,,,ALU 17'',Ne,,Sportline,,,Ano,,Dostupný,Autodraft.cz
Spalovací,Škoda Karoq 2.0 TDI,496000,164503,2023,Nafta,2.0,TDI,,85,Automat,Ano,,ALU 19'',Ne,,Style,Ano,,Ano,,Dostupný,Autodraft.cz
Spalovací,VW Passat B8 Variant Elegance 2.0 TDI,476000,132918,2022,Nafta,2.0,TDI,,110,Automat,Ano,,ALU 16'',Ne,Variant,,,,Ano,,Dostupný,Autodraft.cz
Spalovací,VW Passat B8 Variant Elegance 2.0 TDI,526000,127892,2020,Nafta,2.0,TDI,,147,Automat,Ano,,ALU 17'',Ne,Variant,Elegance,,,Ano,,Dostupný,Autodraft.cz
Spalovací,Škoda Octavia Combi 1.5 TSI,679000,18481,2025,Benzín,1.5,TSI,MHEV,110,Automat,Ano,,ALU 16'',Ne,Combi,Selection,,,Ano,,Dostupný,Autodraft.cz
Spalovací,Škoda Octavia 4 Lim. Style 1.5 TSI,611000,25041,2024,Benzín,1.5,TSI,MHEV,110,Automat,Ano,,ALU 16'',Ne,,Selection,,,Ano,,Dostupný,Autodraft.cz
Spalovací,VW T-Roc 1.5 TSI,542000,22800,2022,Benzín,1.5,TSI,,110,Manual,,,ALU 17'',Ne,,,,,Ano,,Dostupný,Autodraft.cz
Spalovací,Škoda Karoq 1.5 TSI,682000,51069,2023,Benzín,1.5,TSI,,110,Automat,Ano,,ALU 18''+ ALU 17'',Ne,,Sportline,Ano,,Ano,,Dostupný,Autodraft.cz
Spalovací,Škoda Karoq 1.5 TSI,679000,62809,2023,Benzín,1.5,TSI,,110,Automat,Ano,,ALU 18''+ zimní sada,Ne,,Sportline,Ano,,Ano,,Dostupný,Autodraft.cz
Spalovací,VW Transporter 2.0 TDI,830000,55151,2024,Nafta,2.0,TDI,,110,Automat,Ano,,,Ne,,,,,Ano,,Dostupný,Autodraft.cz
Spalovací,Seat Tarraco 1.5 TSI (5místná verze),849000,47708,2023,Benzín,2.0,TSI,,140,Automat,Ano,,ALU 19'',Ano,,,,,Ano,,Dostupný,Autodraft.cz
Spalovací,VW Golf Hatchback 2.0 TDI (Gen 8),495000,131031,2021,Nafta,2.0,TDI,,110,Automat,Ano,,ALU 18''+ zimní sada,Ne,Variant,R-Line,Ano,,Ano,,Dostupný,Autodraft.cz
Spalovací,"Škoda Kodiaq iV (Gen 2, PHEV)",827000,128729,2022,Nafta,2.0,TDI,,147,Automat,Ano,,ALU 20'',Ano,,Laurin & Klement,,,Ano,,Dostupný,Autodraft.cz
Spalovací,VW Golf Hatchback 1.5 TSI (Gen 8),457000,84874,2023,Benzín,1.5,TSI,,96,Manual,,,ALU 17'',Ne,,,Ano,,Ano,,Dostupný,Autodraft.cz
Spalovací,"Škoda Kodiaq iV (Gen 2, PHEV)",952000,49056,2023,Nafta,2.0,TDI,,147,Automat,Ano,,ALU 19''+ ALU 18'',Ano,,Laurin & Klement,,,Ano,,Dostupný,Autodraft.cz
Spalovací,Škoda Superb 3 Combi Style 2.0 TDI,585000,121177,2023,Nafta,2.0,TDI,,147,Automat,Ano,,2x sada ALU 17'',Ne,,Style,,,Ano,Webasto,Dostupný,Autodraft.cz
Spalovací,VW Golf Hatchback 2.0 TDI (Gen 8),390000,175122,2022,Nafta,2.0,TDI,,110,Automat,Ano,,ALU 16'',Ne,Variant,,Ano,,Ano,,Dostupný,Autodraft.cz
Spalovací,Škoda Superb 3 Combi Style 2.0 TDI,652000,126827,2022,Nafta,2.0,TDI,,147,Automat,Ano,,ALU 19'',Ano,Combi,Scout,,,Ano,,Dostupný,Autodraft.cz
Spalovací,Škoda Octavia Combi iV (PHEV),410000,156441,2022,Nafta,2.0,TDI,,110,Automat,Ano,,ALU 16'',Ne,Combi,,,,Ano,,Dostupný,Autodraft.cz
Spalovací,"Škoda Kodiaq iV (Gen 2, PHEV)",539000,178193,2018,Nafta,2.0,TDI,,140,Automat,Ano,,ALU 19''+ zimní sada,Ano,,Sportline,,,Ano,,Dostupný,Autodraft.cz
Spalovací,Škoda Octavia Combi 1.5 TSI,347000,63050,2020,Nafta,1.6,TDI,,85,,,,,Ne,Combi,,,,Ano,,Dostupný,Autodraft.cz
Spalovací,VW Golf Hatchback 2.0 TDI (Gen 8),440000,138396,2022,Nafta,2.0,TDI,,110,Automat,Ano,,ALU 17''+ zimní sada,Ne,Variant,Style,Ano,,Ano,,Dostupný,Autodraft.cz
Spalovací,Škoda Superb 3 Combi Style 2.0 TDI,586000,124429,2023,Nafta,2.0,TDI,,147,Automat,Ano,,ALU 19'' + ALU 17'',Ne,Combi,Style,,,Ano,,Dostupný,Autodraft.cz
Elektrické,VW ID.7 Tourer GTX 4Motion,1347000,7434,2025,Elektro,,,,250,,,,ALU 21''+ ALU 19'',Ano,,,,Ano,,Tovární záruka do 03/2030,Dostupný,Autodraft.cz
Spalovací,VW Passat B8 Variant Elegance 2.0 TDI,535000,151618,2023,Nafta,2.0,TDI,,147,Automat,Ano,,ALU 17''+ ALU 16'',Ne,Variant,R-Line,,,Ano,,Dostupný,Autodraft.cz
Spalovací,VW Passat B8 Variant Elegance 2.0 TDI,429000,198075,2023,Nafta,2.0,TDI,,110,,,,ALU 19''+ ALU 17'',Ne,Variant,R-Line,,,Ano,,Dostupný,Autodraft.cz
Spalovací,Audi A3 Hatchback 35 TFSI,462000,49118,2021,Benzín,,TFSI,,81,,,,ALU 17''+ zimní sada,Ne,Sportback,,,,Ano,,Dostupný,Autodraft.cz
Spalovací,Škoda Superb Combi 1.5 TSI (Gen 4),672000,62770,2022,Benzín,2.0,TSI,,140,Automat,Ano,,ALU 17''+ zimní sada,Ne,Combi,Style,,,Ano,,Dostupný,Autodraft.cz
Spalovací,Škoda Octavia 4 Lim. Style 1.5 TSI,626000,19717,2025,Benzín,1.5,TSI,MHEV,110,Automat,Ano,,ALU 16'',Ne,,Selection,,,Ano,,Dostupný,Autodraft.cz
Spalovací,Seat Leon Hatchback 1.5 TSI,447000,110842,2022,Benzín,1.5,eTSI,,110,Automat,Ano,,ALU 18''+ ALU 17'',Ne,,FR-Line,,,Ano,,Dostupný,Autodraft.cz
Spalovací,VW Passat B8 Variant Elegance 2.0 TDI,452000,162291,2023,Nafta,2.0,TDI,,110,Automat,Ano,,2x sada ALU 16'',Ne,Variant,,,,Ano,,Dostupný,Autodraft.cz
Spalovací,VW Golf Hatchback 2.0 TDI (Gen 8),432000,159932,2023,Nafta,2.0,TDI,,110,Automat,Ano,,2x sada ALU 16'',Ne,Variant,,Ano,,Ano,,Dostupný,Autodraft.cz
Elektrické,VW ID.3 Pro Electric,573000,19175,2021,Elektro,,,,150,,,,ALU 19'',Ne,,,,Ne,,IQ.Light,Dostupný,Autodraft.cz
Spalovací,VW Golf Hatchback 1.5 TSI (Gen 8),446000,59991,2021,Benzín,1.5,TSI,,96,,,,ALU 17'',Ne,,Style,Ano,,Ano,,Dostupný,Autodraft.cz
Spalovací,VW Passat B8 Variant Elegance 2.0 TDI,687000,62040,2021,Benzín,2.0,TSI,,206,Automat,Ano,,ALU 17'',Ano,Variant,Elegance,,,Ano,,Dostupný,Autodraft.cz
Spalovací,VW Golf Hatchback 1.5 TSI (Gen 8),447000,126486,2022,Benzín,1.5,TSI,,110,,,,ALU 18''+ zimní sada,Ne,,Style,Ano,,Ano,,Dostupný,Autodraft.cz
Spalovací,Škoda Superb 3 Combi Style 2.0 TDI,591000,151675,2022,Nafta,2.0,TDI,,147,Automat,Ano,,ALU 18''+ ALU 17'',Ano,Combi,Scout,,,Ano,,Dostupný,Autodraft.cz
Elektrické,VW ID.4 Pro,623000,42188,2021,Elektro,,,,150,,,,ALU 19'',Ne,,,,Ne,,,Dostupný,Autodraft.cz
Spalovací,VW Passat B8 Variant Elegance 2.0 TDI,437000,166692,2023,Nafta,2.0,TDI,,110,Automat,Ano,,ALU 16''+ zimní sada,Ne,Variant,,,,Ano,,Dostupný,Autodraft.cz
Spalovací,VW Touran 1.5 TSI (5místná verze),522000,162170,2023,Nafta,2.0,TDI,,110,Automat,Ano,,ALU 16''+ zimní sada,Ne,,,,,Ano,,Dostupný,Autodraft.cz
Spalovací,Škoda Octavia Combi iV (PHEV),732000,61666,2023,Nafta,2.0,TDI,,110,Automat,Ano,,ALU 18'',Ano,Combi,Scout,,,Ano,,Dostupný,Autodraft.cz
Spalovací,Škoda Octavia Combi iV (PHEV),744000,59358,2023,Nafta,2.0,TDI,,110,Automat,Ano,,ALU 18''+ zimní pneu,Ano,Combi,Scout,,,Ano,,Dostupný,Autodraft.cz
Spalovací,"Škoda Kodiaq iV (Gen 2, PHEV)",777000,111589,2024,Nafta,2.0,TDI,,147,Automat,Ano,,ALU 18''+ ALU 17'',Ano,,Style,,,Ano,Webasto,Dostupný,Autodraft.cz
Spalovací,VW Touran 1.5 TSI (5místná verze),532000,150005,2023,Nafta,2.0,TDI,,110,Automat,Ano,,ALU 17''+ ALU 16'',Ne,,,,,Ano,,Dostupný,Autodraft.cz
Spalovací,Škoda Superb 3 Combi Style 2.0 TDI,569000,147262,2023,Nafta,2.0,TDI,,147,Automat,Ano,,ALU 18''+ ALU 17'',Ano,Combi,Style,,,Ano,,Dostupný,Autodraft.cz
Spalovací,VW Touran 1.5 TSI (5místná verze),599000,92662,2023,Nafta,2.0,TDI,,110,Automat,Ano,,ALU 16''+ zimní sada,Ne,,,,,Ano,,Dostupný,Autodraft.cz
Spalovací,Škoda Superb 3 Combi Style 2.0 TDI,562000,125232,2021,Nafta,2.0,TDI,,147,Automat,Ano,,ALU 18''+ ALU 17'',Ano,Combi,Style,,,Ano,,Dostupný,Autodraft.cz
Elektrické,Audi Q4 e-tron 50 quattro,844000,27894,2023,Elektro,,,,220,,,,ALU 19'',Ano,,,,Ne,,,Dostupný,Autodraft.cz
Spalovací,Škoda Superb 3 Combi Style 2.0 TDI,528000,133659,2023,Nafta,2.0,TDI,,110,Automat,Ano,,ALU 17''+ zimní sada,Ne,Combi,Style,,,Ano,,Dostupný,Autodraft.cz
Spalovací,VW Golf Variant 1.5 eTSI (Gen 8),431999,96926,2021,Benzín,1.5,TSI,,96,,,,ALU 17'',Ne,Variant,,Ano,,Ano,,Dostupný,Autodraft.cz
Spalovací,Škoda Superb Combi 1.5 TSI (Gen 4),525000,176340,2022,Benzín,1.5,TSI,,110,Automat,Ano,,ALU 19''+ ALU 17'',Ne,Combi,Sportline,,,Ano,,Dostupný,Autodraft.cz
Spalovací,VW Touran 1.5 TSI (5místná verze),528000,175843,2023,Nafta,2.0,TDI,,110,Automat,Ano,,ALU 17'',Ne,,Highline,,,Ano,Webasto,Dostupný,Autodraft.cz
Spalovací,Škoda Superb 3 Combi Style 2.0 TDI,689000,121111,2023,Nafta,2.0,TDI,,147,Automat,Ano,,ALU 19''+ ALU 17'',Ne,,Sportline,,,Ano,Webasto,Dostupný,Autodraft.cz
Spalovací,Škoda Superb 3 Combi Style 2.0 TDI,499000,139118,2022,Nafta,2.0,TDI,,110,Automat,Ano,,2x sada ALU 17'',Ne,Combi,Style,,,Ano,,Dostupný,Autodraft.cz
Spalovací,Škoda Superb 3 Combi Style 2.0 TDI,529000,147106,2021,Nafta,2.0,TDI,,110,Automat,Ano,,ALU 18''+ zimní sada,Ne,Combi,Laurin & Klement,,,Ano,,Dostupný,Autodraft.cz
Spalovací,Škoda Octavia 4 Lim. Style 1.5 TSI,461000,154254,2022,Nafta,2.0,TDI,,110,Automat,Ano,,ALU 17''+ zimní sada,Ne,,Style,,,Ano,,Dostupný,Autodraft.cz
Spalovací,Škoda Octavia Combi 1.5 TSI,597000,21937,2023,Benzín,1.5,TSI,MHEV,110,Automat,Ano,,ALU 16'',Ne,Combi,,,,Ano,,Dostupný,Autodraft.cz
Spalovací,"Škoda Kodiaq iV (Gen 2, PHEV)",1115000,21171,2025,Nafta,2.0,TDI,,142,Automat,Ano,,ALU 19',Ano,,Sportline,,,Ano,,Dostupný,Autodraft.cz
Spalovací,Škoda Superb 3 Combi Style 2.0 TDI,590000,145142,2023,Nafta,2.0,TDI,,147,Automat,Ano,,ALU 18''+ ALU 17'',Ano,Combi,Scout,,,Ano,Webasto,Dostupný,Autodraft.cz
Spalovací,Škoda Superb 3 Combi Style 2.0 TDI,520000,219363,2023,Nafta,2.0,TDI,,147,Automat,Ano,,ALU 19''+ ALU 17'',Ne,Combi,Sportline,,,Ano,,Dostupný,Autodraft.cz
Elektrické,Tesla Model 3 Dual Motor AWD,635000,117770,2020,Elektro,,,,350,,,,ALU 18'',Ne,,,,Ne,,S 4x4 Long Range,Dostupný,Autodraft.cz
Spalovací,Škoda Fabia Hatchback (Gen 4) 1.0 TSI,363999,29389,2022,Benzín,1.0,,,59,,,,,Ne,,,,,Ano,Oranžová Phoenix metalíza,Dostupný,Autodraft.cz
Spalovací,Škoda Fabia Hatchback (Gen 4) 1.0 TSI,328000,92969,2022,Benzín,1.0,TSI,,81,,,,ALU,Ne,,Style,,,Ano,,Dostupný,Autodraft.cz
Spalovací,VW Golf Hatchback 2.0 TDI (Gen 8),415000,149919,2023,Nafta,2.0,TDI,,110,Automat,Ano,,ALU 16'',Ne,Variant,,Ano,,Ano,,Dostupný,Autodraft.cz
Spalovací,Seat Ateca 1.5 TSI,442000,155493,2022,Nafta,2.0,TDI,,110,Automat,Ano,,ALU 17'',Ano,,Style,,,Ano,,Dostupný,Autodraft.cz
Spalovací,Škoda Superb 3 Combi Style 2.0 TDI,551000,142154,2022,Nafta,2.0,TDI,,147,Automat,Ano,,ALU 19''+ ALU 17'',Ne,Combi,Style,,,Ano,,Dostupný,Autodraft.cz
Spalovací,VW Golf Hatchback 2.0 TDI (Gen 8),420999,148941,2023,Nafta,2.0,TDI,,110,Automat,Ano,,ALU 16''+ zimní sada,Ne,Variant,,Ano,,Ano,,Dostupný,Autodraft.cz
Spalovací,prodané Volkswagen Golf 8 2.0 TDI,436000,110444,2022,Nafta,2.0,TDI,,110,Automat,Ano,,2x sada ALU 16'' prodané,Ne,Variant,,Ano,,Ne,,Dostupný,Autodraft.cz
Spalovací,Škoda Fabia Hatchback (Gen 4) 1.0 TSI,332000,79739,2022,Benzín,1.0,TSI,,70,,,,,Ne,,,,,Ano,,Dostupný,Autodraft.cz
Spalovací,VW Passat B8 Variant Elegance 2.0 TDI,521000,163383,2023,Nafta,2.0,TDI,,147,Automat,Ano,,ALU 19'',Ano,Variant,Elegance,,,Ano,,Dostupný,Autodraft.cz
Elektrické,Tesla Model 3 Dual Motor AWD,675000,76321,2020,Elektro,,,,350,,,,ALU 18'',Ne,,,,Ne,,S 4x4 Long Range,Dostupný,Autodraft.cz
Spalovací,Škoda Octavia Combi iV (PHEV),517000,89662,2023,Nafta,2.0,TDI,,110,Automat,Ano,,ALU 17''+ ALU 16'',Ne,Combi,Style,,,Ano,,Dostupný,Autodraft.cz
Spalovací,VW Taigo 1.0 TSI,396000,33039,2023,Benzín,1.0,TSI,,70,,,,,Ne,,,,,Ano,,Dostupný,Autodraft.cz
Elektrické,VW ID.4 Pro,648000,92373,2023,Elektro,,,,150,,,,ALU 19'',Ne,,,,Ne,,,Dostupný,Autodraft.cz
Spalovací,VW Passat B8 Variant Elegance 2.0 TDI,499000,163113,2022,Nafta,2.0,TDI,,147,Automat,Ano,,ALU 17'',Ne,Variant,R-Line,,,Ano,,Dostupný,Autodraft.cz
Spalovací,"Škoda Kodiaq iV (Gen 2, PHEV)",679000,158232,2020,Nafta,2.0,TDI,,176,Automat,Ano,,ALU 20'',Ano,,,,,Ano,Webasto,Dostupný,Autodraft.cz
Spalovací,Ford Tourneo Custom 2.0 EcoBlue,962000,29124,2025,Nafta,2.0,EcoBlue,,100,,,,,Ne,,,,,Ano,Tažné,Dostupný,Autodraft.cz
Elektrické,Cupra Tavascan Endurance Electric,997000,14640,2024,Elektro,,,,210,,,,ALU 19'',Ne,,,,Ano,,,Dostupný,Autodraft.cz
Spalovací,Škoda Superb 3 Combi Style 2.0 TDI,583000,76892,2022,Nafta,2.0,TDI,,110,Automat,Ano,,ALU 17'',Ne,Combi,Style,,,Ano,,Zamluvené,Autodraft.cz
Spalovací,Škoda Superb 3 Combi Style 2.0 TDI,496000,154835,2023,Nafta,2.0,TDI,,147,Automat,Ano,,ALU 17'',Ne,Combi,Style,,,Ano,,Dostupný,Autodraft.cz
Elektrické,Škoda Enyaq iV 60 Sportline,792000,53554,2022,Elektro,,,,132,,,,2x ALU 19'',Ne,,,,Ne,,,Dostupný,Autodraft.cz
Elektrické,Tesla Model 3 Dual Motor AWD,692000,103618,2021,Elektro,,,,350,,,,ALU 18'',Ne,,,,Ne,,S 4x4 Long Range,Dostupný,Autodraft.cz
Spalovací,VW Golf Hatchback 2.0 TDI (Gen 8),341000,181960,2022,Nafta,2.0,TDI,,110,,,,2x sada ALU 16'',Ne,Variant,,Ano,,Ano,,Dostupný,Autodraft.cz
Spalovací,Seat Ateca 1.5 TSI,452000,149824,2022,Nafta,2.0,TDI,,110,Automat,Ano,,ALU 18'',Ne,,,,,Ano,,Dostupný,Autodraft.cz
Spalovací,Audi A6 2.0 TFSI,722000,89954,2022,Benzín,2.0,TFSI,,195,Automat,Ano,,ALU 18''+ ALU 17'',Ne,,,,,Ano,,Dostupný,Autodraft.cz
Spalovací,Cupra Formentor 1.5 TSI,563000,87942,2021,Nafta,2.0,TDI,,110,Automat,Ano,,ALU 18''+ ALU 17'',Ano,,,,,Ano,,Dostupný,Autodraft.cz
Spalovací,Audi A4 Avant 35 TFSI (Kombi),580000,86995,2022,Nafta,2.0,TDI,,120,Automat,Ano,,ALU 17'',Ne,,,,,Ano,,Dostupný,Autodraft.cz
Spalovací,"Škoda Kodiaq iV (Gen 2, PHEV)",789000,78848,2023,Nafta,2.0,TDI,,110,Automat,Ano,,ALU 19''+ ALU 17'',Ne,,Sportline,,,Ano,,Dostupný,Autodraft.cz
Spalovací,Škoda Octavia 4 Lim. Style 1.5 TSI,615000,28062,2025,Benzín,1.5,TSI,MHEV,110,Automat,Ano,,ALU 17'',Ne,,Selection,,,Ano,,Dostupný,Autodraft.cz
Spalovací,VW Tiguan Allspace 2.0 TDI (5místná verze),680000,117023,2022,Nafta,2.0,TDI,,110,Automat,Ano,,ALU 19'',Ano,,Elegance,,,Ano,,Dostupný,Autodraft.cz
Spalovací,VW Touran 1.5 TSI (5místná verze),528000,150516,2022,Nafta,2.0,TDI,,110,Automat,Ano,,ALU 17'',Ne,,Highline,,,Ano,,Dostupný,Autodraft.cz
Spalovací,Škoda Superb 3 Combi Style 2.0 TDI,439000,190219,2023,Nafta,2.0,TDI,,110,Automat,Ano,,ALU 17''+ ALU 16'',Ne,Combi,Style,,,Ano,,Dostupný,Autodraft.cz
Spalovací,Škoda Superb 3 Combi Style 2.0 TDI,538000,174429,2023,Nafta,2.0,TDI,,147,Automat,Ano,,ALU 19''+ ALU 17'',Ne,Combi,Laurin & Klement,,,Ano,,Dostupný,Autodraft.cz
Spalovací,Škoda Superb 3 Combi Style 2.0 TDI,472000,182681,2023,Nafta,2.0,TDI,,147,Automat,Ano,,ALU 17'',Ne,Combi,Style,,,Ano,,Dostupný,Autodraft.cz
Spalovací,"Škoda Kodiaq iV (Gen 2, PHEV)",569000,157541,2023,Nafta,2.0,TDI,,110,Automat,Ano,,ALU 18'',Ne,,Style,,,Ano,Facelift,Dostupný,Autodraft.cz
Spalovací,"Škoda Kodiaq iV (Gen 2, PHEV)",717000,160816,2024,Nafta,2.0,TDI,,110,Automat,Ano,,ALU 19'',Ne,,Sportline,,,Ano,,Dostupný,Autodraft.cz
Spalovací,VW Golf Hatchback 2.0 TDI (Gen 8),399000,160983,2023,Nafta,2.0,TDI,,110,Automat,Ano,,ALU 16''+ zimní sada,Ne,Variant,,Ano,,Ano,,Dostupný,Autodraft.cz
Spalovací,Škoda Superb 3 Combi Style 2.0 TDI,532000,182499,2023,Nafta,2.0,TDI,,147,Automat,Ano,,ALU 18'',Ano,Combi,Sportline,,,Ano,,Dostupný,Autodraft.cz
Spalovací,Škoda Superb 3 Combi Style 2.0 TDI,528000,140342,2022,Nafta,2.0,TDI,,147,Automat,Ano,,ALU 17'',Ne,Combi,Style,,,Ano,,Dostupný,Autodraft.cz
Spalovací,Hyundai i20 1.0 T-GDI,362000,63871,2024,Benzín,1.0,T-GDI,,74,,,,ALU 16'',Ne,,,,,Ano,,Dostupný,Autodraft.cz
Spalovací,Ford Tourneo Custom 2.0 EcoBlue,949000,18443,2025,Nafta,2.0,EcoBlue,,100,,,,,Ne,,,,,Ano,,Dostupný,Autodraft.cz
Spalovací,Škoda Superb 3 Combi Style 2.0 TDI,688000,70742,2023,Nafta,2.0,TDI,,110,Automat,Ano,,ALU 19''+ ALU 16'',Ne,Combi,Sportline,,,Ano,,Dostupný,Autodraft.cz
Spalovací,VW Touran 1.5 TSI (5místná verze),442000,168780,2022,Nafta,2.0,TDI,,110,Automat,Ano,,2x sada ALU 16'',Ne,,,,,Ano,,Dostupný,Autodraft.cz
Spalovací,Škoda Fabia Hatchback (Gen 4) 1.0 TSI,330000,73202,2024,Benzín,1.0,,,59,,,,ALU 15'',Ne,,,,,Ano,,Dostupný,Autodraft.cz
Spalovací,Cupra Formentor 1.5 TSI,627000,94978,2023,Nafta,2.0,TDI,,110,Automat,Ano,,ALU 18'',Ano,,,,,Ano,,Dostupný,Autodraft.cz
Spalovací,Audi A6 2.0 TDI,682000,97551,2021,Nafta,2.0,TDI,,150,Automat,Ano,,ALU 18''+ ALU 16'',Ne,,,,,Ano,,Zamluvené,Autodraft.cz
Spalovací,VW Tiguan Allspace 2.0 TDI (5místná verze),786000,64745,2023,Nafta,2.0,TDI,,147,Automat,Ano,,ALU 20''+ ALU 18'',Ano,,R-Line,,,Ano,,Dostupný,Autodraft.cz
Spalovací,VW Tiguan Allspace 2.0 TDI (5místná verze),782000,96436,2022,Nafta,2.0,TDI,,147,Automat,Ano,,ALU 20'',Ano,,R-Line,,,Ano,,Dostupný,Autodraft.cz
Elektrické,VW ID.3 Pro,518000,57991,2021,Elektro,,,,150,,,,,Ne,,,,Ne,,,Zamluvené,Autodraft.cz
Spalovací,Škoda Superb 3 Combi Style 2.0 TDI,395000,142394,2020,Nafta,2.0,TDI,,88,Automat,Ano,,,Ne,Combi,,,,Ano,,Dostupný,Autodraft.cz
Elektrické,VW ID.4 Pro,698000,35525,2023,Elektro,,,,150,,,,ALU 19'',Ne,,,,Ne,,,Dostupný,Autodraft.cz
Elektrické,VW ID.4 Pro,718000,56659,2023,Elektro,,,,150,,,,2x sada ALU 19'',Ne,,,,Ne,,,Zamluvené,Autodraft.cz
Spalovací,Cupra Formentor 1.5 TSI,717000,61096,2022,Benzín,2.0,TSI,,228,Automat,Ano,,ALU 19'',Ano,,,,,Ano,,Dostupný,Autodraft.cz
Spalovací,VW Passat B8 Variant Elegance 2.0 TDI,547000,137223,2023,Nafta,2.0,TDI,,147,Automat,Ano,,ALU 17'',Ne,Variant,Elegance,,,Ano,,Dostupný,Autodraft.cz
Spalovací,Škoda Octavia Combi iV (PHEV),442000,111876,2022,Nafta,2.0,TDI,,110,Automat,Ano,,ALU 16'',Ne,Combi,,,,Ano,,Dostupný,Autodraft.cz
Spalovací,VW Touran 1.5 TSI (5místná verze),589000,62378,2021,Benzín,1.5,TSI,,110,,,,ALU 17''+ zimní sada,Ne,,Highline,,,Ano,,Dostupný,Autodraft.cz
Spalovací,Škoda Fabia Hatchback (Gen 4) 1.0 TSI,399000,113121,2023,Benzín,1.0,TSI,,70,,,,,Ne,,,,,Ano,,Dostupný,Autodraft.cz
Spalovací,VW Touran 1.5 TSI (5místná verze),598000,93853,2023,Nafta,2.0,TDI,,110,Automat,Ano,,ALU 16''+ zimní sada,Ne,,,,,Ano,,Dostupný,Autodraft.cz
Spalovací,"Škoda Kodiaq iV (Gen 2, PHEV)",846000,78926,2023,Nafta,2.0,TDI,,147,Automat,Ano,,ALU 20'',Ano,,Sportline,,,Ano,,Dostupný,Autodraft.cz
Spalovací,Škoda Octavia Combi iV (PHEV),434000,105438,2021,Nafta,2.0,TDI,,110,,,,ALU 17'',Ne,Combi,Style,,,Ano,,Dostupný,Autodraft.cz
Spalovací,VW Taigo 1.0 TSI,522000,74556,2022,Benzín,1.5,TSI,,110,Automat,Ano,,2x sada ALU 18'',Ne,,R-Line,,,Ano,,Dostupný,Autodraft.cz
Spalovací,Škoda Octavia Combi iV (PHEV),457000,140127,2023,Nafta,2.0,TDI,,110,Automat,Ano,,ALU 17''+ ALU 16'',Ne,Combi,,,,Ano,,Prodané,Autodraft.cz
Spalovací,Škoda Octavia 4 Lim. Style 1.5 TSI,598000,44314,2025,Benzín,1.5,TSI,MHEV,110,Automat,Ano,,ALU 16'',Ne,,Selection,,,Ano,,Dostupný,Autodraft.cz
Spalovací,Škoda Octavia Combi iV (PHEV),627000,50480,2025,Nafta,2.0,TDI,,110,Automat,Ano,,2x sada ALU 17'',Ne,Combi,Selection,,,Ano,,Zamluvené,Autodraft.cz
Spalovací,Škoda Octavia 4 Lim. Style 1.5 TSI,641000,29632,2025,Benzín,1.5,TSI,MHEV,110,Automat,Ano,,ALU 17''+ zimní sada,Ne,,Selection,,,Ano,,Dostupný,Autodraft.cz
Spalovací,Škoda Octavia Combi iV (PHEV),730000,26471,2025,Nafta,2.0,TDI,PHEV,110,Automat,Ano,,2x sada ALU 17'',Ne,Combi,Exclusive,,,Ano,,Dostupný,Autodraft.cz
Spalovací,Škoda Fabia Hatchback (Gen 4) 1.0 TSI,398000,13112,2024,Benzín,1.0,,,59,,,,,Ne,,Selection,,,Ano,,Dostupný,Autodraft.cz
Spalovací,Škoda Karoq 1.5 TSI,736000,38174,2024,Benzín,2.0,TSI,,140,Automat,Ano,,ALU 18''+ zimní sada,Ano,,Sportline,Ano,,Ano,,Dostupný,Autodraft.cz
Spalovací,Škoda Octavia 4 Lim. Style 1.5 TSI,596000,36870,2025,Benzín,1.5,TSI,MHEV,110,Automat,Ano,,ALU 16'',Ne,,Selection,,,Ano,,Dostupný,Autodraft.cz
Elektrické,VW ID.5 Pro,763000,54840,2023,Elektro,,,,150,,,,ALU 19'',Ne,,,,Ne,,,Dostupný,Autodraft.cz
Spalovací,Škoda Superb 3 Combi Style 2.0 TDI,441000,157928,2023,Nafta,2.0,TDI,,110,Automat,Ano,,ALU 16'',Ne,Combi,,,,Ano,,Dostupný,Autodraft.cz
Spalovací,Škoda Superb 3 Combi Style 2.0 TDI,497000,167439,2023,Nafta,2.0,TDI,,147,Automat,Ano,,ALU 17'',Ne,Combi,Style,,,Ano,,Dostupný,Autodraft.cz
Spalovací,Škoda Superb 3 Combi Style 2.0 TDI,661000,77011,2022,Nafta,2.0,TDI,,110,Automat,Ano,,ALU 19''+ zimní sada,Ne,Combi,Sportline,,,Ano,,Dostupný,Autodraft.cz
Spalovací,"Škoda Kodiaq iV (Gen 2, PHEV)",629000,165351,2021,Nafta,2.0,TDI,,147,Automat,Ano,,ALU 20''+ ALU 18'',Ano,,Sportline,,,Ano,,Zamluvené,Autodraft.cz
Spalovací,"Škoda Kodiaq iV (Gen 2, PHEV)",766000,95836,2023,Nafta,2.0,TDI,,147,Automat,Ano,,ALU 18''+ ALU 17'',Ano,,Style,,,Ano,,Dostupný,Autodraft.cz
Spalovací,VW Passat B8 Variant Elegance 2.0 TDI,580000,143910,2023,Nafta,2.0,TDI,,147,Automat,Ano,,2x sada ALU 17'',Ano,,Alltrack,,,Ano,,Zamluvené,Autodraft.cz
Spalovací,Škoda Superb 3 Combi Style 2.0 TDI,459000,134289,2022,Nafta,2.0,TDI,,110,Automat,Ano,,ALU 16''+ zimní sada,Ne,Combi,,,,Ano,,Dostupný,Autodraft.cz
Spalovací,Škoda Superb 3 Combi Style 2.0 TDI,550000,118415,2022,Nafta,2.0,TDI,,147,Automat,,,ALU 17''+ ALU 16'',Ne,Combi,Style,,,Ano,,Dostupný,Autodraft.cz
Spalovací,Škoda Superb 3 Combi Style 2.0 TDI,611996,81098,2023,Nafta,2.0,TDI,,110,Automat,Ano,,ALU 17''+ ALU 16'',Ne,Combi,Style,,,Ano,,Prodané,Autodraft.cz
Spalovací,VW Passat B8 Variant Elegance 2.0 TDI,404000,168798,2023,Nafta,2.0,TDI,,110,Automat,Ano,,ALU 16''+ zimní sada,Ne,Variant,,,,Ano,,Zamluvené,Autodraft.cz
Spalovací,VW Passat B8 Variant Elegance 2.0 TDI,616000,99409,2023,Nafta,2.0,TDI,,147,Automat,Ano,,,Ano,Variant,Elegance,,,Ano,,Prodané,Autodraft.cz
Spalovací,Škoda Octavia Combi iV (PHEV),415000,161462,2023,Nafta,2.0,TDI,,110,Automat,Ano,,ALU 16'',Ne,Combi,,,,Ano,,Dostupný,Autodraft.cz
Spalovací,Seat Tarraco 1.5 TSI (5místná verze),654000,132951,2022,Nafta,2.0,TDI,,147,Automat,Ano,,ALU 20'',Ano,,FR-Line,,,Ano,,Dostupný,Autodraft.cz
Spalovací,Škoda Superb 3 Combi Style 2.0 TDI,490000,162936,2023,Nafta,2.0,TDI,,110,Automat,Ano,,2x sada ALU 17'',Ne,Combi,Style,,,Ano,,Zamluvené,Autodraft.cz
Spalovací,VW Tiguan Life 1.5 TSI (Gen 2),512000,108254,2022,Benzín,1.5,TSI,,110,,,,ALU 17''+ zimní sada,Ne,,,,,Ano,,Dostupný,Autodraft.cz
Spalovací,VW Tiguan Allspace 2.0 TDI (5místná verze),899000,25359,2024,Benzín,2.0,TSI,,140,Automat,Ano,,ALU 18'',Ano,Allspace,Elegance,,,Ano,,Zamluvené,Autodraft.cz
Spalovací,Škoda Superb 3 Combi Style 2.0 TDI,416998,185574,2023,Nafta,2.0,TDI,,110,Automat,Ano,,ALU 16''+ zimní sada,Ne,Combi,,,,Ano,,Prodané,Autodraft.cz
Elektrické,Mercedes-Benz EQB 250 Progressive,847000,67283,2023,Elektro,,,,140,,,,2x sada ALU 18'',Ne,,,,Ne,,,Dostupný,Autodraft.cz
Spalovací,VW Passat B8 Variant Elegance 2.0 TDI,442000,147715,2023,Nafta,2.0,TDI,,110,Automat,Ano,,ALU 17''+ zimní sada,Ne,Variant,,,,Ano,,Zamluvené,Autodraft.cz
Spalovací,Škoda Superb 3 Combi Style 2.0 TDI,494000,188382,2022,Nafta,2.0,TDI,,147,Automat,Ano,,ALU 18''+ ALU 17'',Ne,Combi,Laurin & Klement,,,Ano,,Dostupný,Autodraft.cz
Spalovací,Škoda Superb 3 Combi Style 2.0 TDI,496000,141871,2022,Nafta,2.0,TDI,,147,Automat,Ano,,ALU 17'',Ano,Combi,,,,Ano,,Dostupný,Autodraft.cz
Spalovací,Audi A4 Avant 35 TFSI (Kombi),692000,61688,2023,Nafta,,TDI,,150,Automat,Ano,,ALU 18''+ ALU 17'',Ano,,S-Line,,,Ano,,Dostupný,Autodraft.cz
Spalovací,Škoda Superb 3 Combi Style 2.0 TDI,426000,180450,2023,Nafta,2.0,TDI,,110,Automat,Ano,,ALU 17''+ zimní sada,Ne,Combi,Style,,,Ano,,Dostupný,Autodraft.cz
Spalovací,VW Golf Hatchback 2.0 TDI (Gen 8),417000,149859,2022,Nafta,2.0,TDI,,110,Automat,Ano,,ALU 17''+ ALU 16'',Ne,Variant,Style,Ano,,Ano,,Dostupný,Autodraft.cz
Spalovací,VW Passat B8 Variant Elegance 2.0 TDI,432000,156572,2023,Nafta,2.0,TDI,,110,Automat,Ano,,2x sada ALU 16'',Ne,Variant,,,,Ano,,Dostupný,Autodraft.cz
Spalovací,VW Tiguan Allspace 2.0 TDI (5místná verze),649000,147181,2022,Benzín,2.0,TSI,,140,Automat,Ano,,ALU 19'',Ano,,R-Line,,,Ano,,Dostupný,Autodraft.cz
Elektrické,VW ID.4 Pro,773000,29754,2023,Elektro,,,,150,,,,ALU 20''+ zimní sada,Ne,,,,Ne,,,Dostupný,Autodraft.cz
Spalovací,Škoda Superb 3 Combi Style 2.0 TDI,409000,171979,2022,Nafta,2.0,TDI,,110,Automat,Ano,,ALU 16''+ zimní sada,Ne,Combi,,,,Ano,,Dostupný,Autodraft.cz
Spalovací,Škoda Superb 3 Combi Style 2.0 TDI,590000,100228,2023,Nafta,2.0,TDI,,147,Automat,Ano,,ALU 17'',Ne,Combi,Style,,,Ano,,Dostupný,Autodraft.cz
Spalovací,VW Passat B8 Variant Elegance 2.0 TDI,392000,176229,2023,Nafta,2.0,TDI,,110,Automat,Ano,,2x sada ALU 16'',Ne,Variant,,,,Ano,,Dostupný,Autodraft.cz
Spalovací,VW Golf Variant 1.5 eTSI (Gen 8),531000,51141,2024,Benzín,1.5,eTSI,,110,Automat,Ano,,ALU 16'',Ne,Variant,,Ano,,Ano,,Dostupný,Autodraft.cz
Spalovací,Škoda Kamiq 1.0 TSI,396000,145450,2023,Benzín,1.5,TSI,,110,,,,ALU 17''+ zimní sada,Ne,,,,,Ano,,Dostupný,Autodraft.cz
Spalovací,Škoda Octavia Combi iV (PHEV),397000,202976,2022,Nafta,2.0,TDI,,110,Automat,Ano,,ALU 18''+ ALU 17'',Ne,Combi,Sportline,,,Ano,,Dostupný,Autodraft.cz
Spalovací,VW Passat B8 Variant Elegance 2.0 TDI,430000,159228,2021,Nafta,2.0,TDI,,110,Automat,Ano,,ALU 16'',Ne,Variant,,,,Ano,,Dostupný,Autodraft.cz
Spalovací,VW Arteon Shooting Brake 2.0 TDI,528000,170662,2023,Nafta,2.0,TDI,,110,Automat,Ano,,ALU 18'',Ne,,R-Line,,,Ano,,Zamluvené,Autodraft.cz
Spalovací,Volvo XC60 2.0,760000,154783,2023,Nafta,2.0,,,145,Automat,,,ALU 21''+ ALU 18'',Ano,,,,,Ano,Geartronic,Dostupný,Autodraft.cz
Spalovací,Škoda Superb 3 Combi Style 2.0 TDI,528000,165603,2023,Nafta,2.0,TDI,,110,Automat,Ano,,ALU 19''+ ALU 17'',Ne,Combi,Sportline,,,Ano,,Dostupný,Autodraft.cz
Elektrické,VW ID.3 Pro,625000,38843,2022,Elektro,,,,150,,,,ALU 19'',Ne,,,,Ne,,IQ.Lights,Prodané,Autodraft.cz
Elektrické,VW ID.4 Pro,747000,52072,2022,Elektro,,,,150,,,,2x sada 19'',Ne,,,,Ano,,Tažné,Dostupný,Autodraft.cz
Elektrické,VW ID.5 Pro,791000,38068,2023,Elektro,,,,150,,,,ALU 19'',Ne,,,,Ne,,,Dostupný,Autodraft.cz
Spalovací,VW Passat B8 Variant Elegance 2.0 TDI,688000,85537,2023,Nafta,2.0,TDI,,147,Automat,Ano,,ALU 17'',Ano,Variant,Alltrack,,,Ano,,Dostupný,Autodraft.cz
Spalovací,Škoda Superb 3 Combi Style 2.0 TDI,427000,156545,2020,Nafta,2.0,TDI,,110,Manual,,,ALU 17'',Ne,Combi,Style,,,Ano,,Dostupný,Autodraft.cz
Spalovací,Škoda Superb 3 Combi Style 2.0 TDI,476000,177315,2023,Nafta,2.0,TDI,,147,Automat,Ano,,ALU 17'',Ne,Combi,Style,,,Ano,,Dostupný,Autodraft.cz
Spalovací,VW Arteon Shooting Brake 2.0 TDI,542000,166062,2023,Nafta,2.0,TDI,,110,Automat,Ano,,2x sada ALU 18'',Ne,,R-Line,,,Ano,,Prodané,Autodraft.cz
Elektrické,Cupra Tavascan Endurance Electric,1080000,14764,2025,Elektro,,,,210,,,,ALU 19'',Ne,,,,Ano,,,Dostupný,Autodraft.cz
Spalovací,Škoda Octavia Combi iV (PHEV),562000,164350,2023,Nafta,2.0,TDI,,147,Automat,Ano,,ALU 18''+ ALU 17'',Ano,Combi,Scout,,,Ano,,Dostupný,Autodraft.cz
Elektrické,VW ID.5 Pro,798000,28859,2023,Elektro,,,,150,,,,ALU 19'',Ne,,,,Ano,,,Dostupný,Autodraft.cz
Spalovací,VW Tiguan Allspace 2.0 TDI (5místná verze),690998,104230,2022,Benzín,2.0,TSI,,140,Automat,Ano,,ALU 19''+ ALU 18'',Ano,,R-Line,,,Ano,,Prodané,Autodraft.cz
Elektrické,VW ID.4 Pro,743000,47535,2023,Elektro,,,,150,,,,ALU 19'',Ne,,,,Ne,,,Dostupný,Autodraft.cz
Elektrické,VW ID.4 Pro,737000,41427,2023,Elektro,,,,150,,,,ALU 19'',Ne,,,,Ne,,,Dostupný,Autodraft.cz
Elektrické,VW ID.4 Pro,699000,60363,2021,Elektro,,,,150,,,,ALU 20'' + sada 19'',Ne,,,,Ano,,Tažné,Dostupný,Autodraft.cz
Elektrické,VW ID.4 Pro,753000,69302,2023,Elektro,,,,150,,,,ALU 19'',Ne,,,,Ano,,,Dostupný,Autodraft.cz
Elektrické,VW ID.4 GTX,680000,123179,2022,Elektro,,,,225,,,,ALU 21'',Ne,,,,Ne,,4Motion 4x4 / IQ.Ligts,Dostupný,Autodraft.cz
Elektrické,VW ID.5 Pro,718000,89946,2023,Elektro,,,,150,,,,ALU 19'',Ne,,,,Ne,,Tažné,Dostupný,Autodraft.cz
Elektrické,VW ID.5 Pro,731000,65589,2023,Elektro,,,,150,,,,ALU 19'',Ne,,,,Ne,,,Dostupný,Autodraft.cz
Elektrické,VW ID.4 Pro,784000,59527,2022,Elektro,,,,150,,,,2x sada 19'',Ne,,,,Ne,,Tažné / IQ.Lights,Dostupný,Autodraft.cz
Elektrické,VW ID.4 Pro,687998,64297,2022,Elektro,,,,150,,,,ALU 19'',Ne,,,,Ne,,,Dostupný,Autodraft.cz
Elektrické,VW ID.3 Pro,598000,33337,2023,Elektro,,,,150,,,,ALU 18'',Ne,,,,Ne,,,Dostupný,Autodraft.cz
Elektrické,VW ID.4 GTX 4Motion,680000,117509,2022,Elektro,,,,225,,,,ALU 20''+ sada 19'',Ano,,,,Ano,,Tažné,Dostupný,Autodraft.cz
Elektrické,VW ID.3 Pro,530000,71782,2021,Elektro,,,,150,,,,ALU 19''+ zimní sada,Ne,,,,Ano,,IQ.Light,Dostupný,Autodraft.cz
Elektrické,VW ID.5 Pro,650000,99539,2023,Elektro,,,,150,,,,2x sada ALU 19'',Ne,,,,Ano,,,Dostupný,Autodraft.cz
Spalovací,VW Golf Variant 1.5 eTSI (Gen 8),535000,66873,2023,Benzín,1.5,eTSI,,110,Automat,Ano,,ALU 16'',Ne,,,Ano,,Ano,,Dostupný,Autodraft.cz
Spalovací,Škoda Superb 3 Combi Style 2.0 TDI,538000,128407,2022,Nafta,2.0,TDI,,147,Automat,Ano,,2x sada ALU 17'',Ano,Combi,Style,,,Ano,,Dostupný,Autodraft.cz
Spalovací,Škoda Superb 3 Combi Style 2.0 TDI,505000,162530,2023,Nafta,2.0,TDI,,110,Automat,Ano,,ALU 17''+ ALU 16'',Ne,Combi,Style,,,Ano,,Dostupný,Autodraft.cz
Spalovací,Škoda Superb 3 Combi Style 2.0 TDI,528000,143923,2023,Nafta,2.0,TDI,,110,Automat,Ano,,ALU 17''+ zimní sada,Ne,Combi,Style,,,Ano,,Dostupný,Autodraft.cz
Spalovací,Volvo V90 2.0,788000,77737,2021,Nafta,2.0,,,173,Automat,,,2x sada ALU 18'',Ano,,,,,Ano,Geartronic,Dostupný,Autodraft.cz
Elektrické,MG ZS EV Comfort,527000,9613,2024,Elektro,,,,130,,,,,Ne,,,,Ne,,Elektro,Dostupný,Autodraft.cz
Elektrické,VW ID.4 Pro,721000,64931,2023,Elektro,,,,150,,,,ALU 19'',Ne,,,,Ne,,,Dostupný,Autodraft.cz
Elektrické,VW ID.5 Pro,763000,74632,2023,Elektro,,,,150,,,,ALU 19'',Ne,,,,Ne,,,Dostupný,Autodraft.cz
Spalovací,VW Sharan 2.0 TDI (5místná verze),469000,182589,2020,Nafta,2.0,TDI,,110,,,,,Ne,,Highline,,,Ano,,Dostupný,Autodraft.cz
Spalovací,VW Tiguan Allspace 2.0 TDI (5místná verze),689000,144848,2023,Benzín,2.0,TSI,,140,Automat,Ano,,ALU 20'',Ano,,R-Line,,,Ano,Webasto,Dostupný,Autodraft.cz
Spalovací,Škoda Superb 3 Combi Style 2.0 TDI,515000,142404,2022,Nafta,2.0,TDI,,147,Automat,Ano,,ALU 17'',Ne,Combi,Style,,,Ano,,Dostupný,Autodraft.cz
Spalovací,Škoda Superb 3 Combi Style 2.0 TDI,549000,131125,2023,Nafta,2.0,TDI,,110,Automat,Ano,,ALU 17'',Ne,Combi,Style,,,Ano,Webasto Tažné,Dostupný,Autodraft.cz
Spalovací,VW Tiguan Allspace 2.0 TDI (5místná verze),699000,141943,2022,Nafta,2.0,TDI,,147,Automat,Ano,,ALU 20''+ ALU 18'',Ano,Allspace,R-Line,,,Ano,Webasto,Zamluvené,Autodraft.cz
Spalovací,VW Passat B8 Variant Elegance 2.0 TDI,499000,148476,2023,Nafta,2.0,TDI,,147,Automat,Ano,,ALU 17'',Ne,Variant,R-Line,,,Ano,,Dostupný,Autodraft.cz
Elektrické,Škoda Enyaq iV 80 Electric,685000,68942,2022,Elektro,,,,150,,,,ALU 19'',Ne,,,,Ano,,,Dostupný,Autodraft.cz
Spalovací,VW Tiguan Life 1.5 TSI (Gen 2),577000,60269,2022,Benzín,1.5,TSI,,110,,,,ALU 17''+ zimní sada,Ne,,,,,Ano,,Dostupný,Autodraft.cz
Elektrické,VW ID.5 Pro,767000,57159,2023,Elektro,,,,150,,,,2x sada ALU 20'',Ne,,,,Ano,,Tažné / IQ.Lights,Dostupný,Autodraft.cz
Spalovací,VW Passat B8 Variant Elegance 2.0 TDI,596000,111304,2023,Benzín,2.0,TSI,,140,Automat,Ano,,ALU 17''+ ALU 16'',Ne,Variant,,,,Ano,,Dostupný,Autodraft.cz
Spalovací,VW Touran 1.5 TSI (5místná verze),661999,45078,2024,Nafta,2.0,TDI,,90,,,,ALU 16''+ zimní sada 45 078 km 1/2024 661 999 Kč,Ne,,,,,Ano,,Dostupný,Autodraft.cz
Elektrické,VW ID.4 Pro,916000,26409,2024,Elektro,,,,150,,,,IQ.Lights/  ALU 21'',Ne,,,,Ne,,Tažné / Panorama,Dostupný,Autodraft.cz
Spalovací,VW Golf Hatchback 1.5 TSI (Gen 8),496000,17764,2024,Benzín,1.0,TSI,,81,,,,ALU 16'',Ne,,,Ano,,Ano,,Dostupný,Autodraft.cz
Elektrické,VW ID.4 Pro,741000,57157,2023,Elektro,,,,150,,,,ALU 19'',Ne,,,,Ne,,,Dostupný,Autodraft.cz
Elektrické,VW ID.3 Pro,588000,36996,2022,Elektro,,,,150,,,,2x sada 18'',Ne,,,,Ne,,,Dostupný,Autodraft.cz
Elektrické,VW ID.3 Pro,572000,48806,2021,Elektro,,,,150,,,,2x sada 18'',Ne,,,,Ne,,,Dostupný,Autodraft.cz
Elektrické,VW ID.4 Pro,746000,51515,2022,Elektro,,,,150,,,,2x sada ALU 19'',Ne,,,,Ano,,IQ.Lights,Dostupný,Autodraft.cz
Elektrické,VW ID.4 Pro,784000,47612,2022,Elektro,,,,150,,,,ALU 19'',Ne,,,,Ano,,Tažné,Dostupný,Autodraft.cz
Elektrické,VW ID.5 GTX 4Motion,737000,108519,2022,Elektro,,,,220,,,,ALU 20''/ Tažné,Ano,,,,Ne,,,Dostupný,Autodraft.cz
Spalovací,Škoda Superb 3 Combi Style 2.0 TDI,549000,188630,2023,Nafta,2.0,TDI,,147,Automat,Ano,,ALU 19''+ ALU 17'',Ne,Combi,Sportline,,,Ano,,Prodané,Autodraft.cz
Spalovací,VW Passat B8 Variant Elegance 2.0 TDI,547000,65373,2023,Nafta,2.0,TDI,,110,Automat,Ano,,2x sada ALU 16'',Ne,Variant,,,,Ano,,Dostupný,Autodraft.cz
Elektrické,VW ID.4 Pro,699000,64570,2021,Elektro,,,,150,,,,ALU 20'',Ne,,,,Ne,,,Dostupný,Autodraft.cz
Elektrické,VW ID.5 Pro,651000,108538,2023,Elektro,,,,150,,,,ALU 19'',Ne,,,,Ano,,,Dostupný,Autodraft.cz
Spalovací,Škoda Superb 3 Combi Style 2.0 TDI,491000,147881,2023,Nafta,2.0,TDI,,110,Automat,Ano,,ALU 18''+ ALU 16'',Ne,Combi,Style,,,Ano,,Dostupný,Autodraft.cz
Spalovací,VW Touran 1.5 TSI (5místná verze),520000,156235,2022,Nafta,2.0,TDI,,110,Automat,Ano,,ALU 17'',Ne,,Highline,,,Ano,,Dostupný,Autodraft.cz
Spalovací,VW Golf Hatchback 2.0 TDI (Gen 8),496000,42746,2023,Nafta,2.0,TDI,,85,Automat,Ano,,ALU 16'',Ne,,,Ano,,Ano,,Dostupný,Autodraft.cz
Elektrické,VW ID.4 Pro,652000,86753,2022,Elektro,,,,150,,,,ALU 19'',Ne,,,,Ne,,,Dostupný,Autodraft.cz
Elektrické,VW ID.4 Pro,792000,28593,2021,Elektro,,,,150,,,,ALU 19'',Ne,,,,Ano,,IQ.Lights / Tažné,Dostupný,Autodraft.cz
