Typ,Model auta,Cena (Kč),Nájezd (km),Rok výroby,Palivo,Objem motoru,Typ motoru,Hybrid typ,Výkon (kW),Převodovka,Dvouspojková převodovka,Filtr pevných částic,Kola,Náhon 4x4,Karoserie,Výbava,Záruka,Tepelné čerpadlo,Spárováno,Skóre shody,Extra,Stav,Zdroj,Odkaz na auto
Elektrické,Audi Q4 e-tron,709900,80622,2021,Elektro,,,,150,,,,"20""",Ne,,,,Ne,,,Dojezd 523 km,Dostupný,EnergyCars.cz,https://www.energycars.cz/vuz/audi-q4-e-tron/
Elektrické,BMW i3,389900,55416,2017,Elektro,,,,125,,,,"19""",Ne,,,,Ano,,,Dojezd 250 km / Baterie 32 kWh,Odstraněno,EnergyCars.cz,https://www.energycars.cz/vuz/bmw-i3-2/
Elektrické,BMW i3,499900,65403,2019,Elektro,,,,135,,,,"20""",Ne,,,,Ano,,,Dojezd 359 km / Baterie 42 kWh,Dostupný,EnergyCars.cz,https://www.energycars.cz/vuz/bmw-i3/
Elektrické,BMW iX,1099900,25518,2022,Elektro,,,,240,,,,"21""",Ano,,,,Ano,,,Dojezd 425 km / Baterie 76 kWh,Dostupný,EnergyCars.cz,https://www.energycars.cz/vuz/bmw-ix/
Elektrické,BYD Seal,1049900,44796,2024,Elektro,,,,390,,,,"19""",Ano,,,,Ne,,,Dojezd 520 km / Baterie 84 kWh,Dostupný,EnergyCars.cz,https://www.energycars.cz/vuz/byd-seal/
Elektrické,Fiat 500 e,449900,20637,2023,Elektro,,,,87,,,,"16""",Ne,,,,Ne,,,Dojezd 333 km,Odstraněno,EnergyCars.cz,https://www.energycars.cz/vuz/fiat-500-e/
Elektrické,Honda e,449900,27026,2021,Elektro,,,,113,,,,"17""",Ne,,,,Ne,,,Dojezd 222 km,Dostupný,EnergyCars.cz,https://www.energycars.cz/vuz/honda-e/
Elektrické,JAC iEV7S,359900,53669,2020,Elektro,,,,85,,,,,Ne,,,,Ne,,,"Dojezd 300 km / Baterie 43,50 kWh",Dostupný,EnergyCars.cz,https://www.energycars.cz/vuz/jac-iev7s/
Elektrické,Kia EV3,939900,1101,2025,Elektro,,,,150,,,,"17""",Ne,,,,Ne,,,Dojezd 605 km,Dostupný,EnergyCars.cz,https://www.energycars.cz/vuz/kia-ev3/
Elektrické,Kia Niro,649900,93621,2023,Elektro,,,,150,,,,"17""",Ne,,,,Ne,,,Dojezd 463 km / Baterie 64 kWh,Dostupný,EnergyCars.cz,https://www.energycars.cz/vuz/kia-niro/
Elektrické,Mercedes-Benz EQA,699900,49576,2022,Elektro,,,,140,,,,,Ne,,,,Ne,,,Dojezd 486 km / Baterie 69 kWh,Odstraněno,EnergyCars.cz,https://www.energycars.cz/vuz/mercedes-benz-eqa/
Elektrické,Mercedes-Benz EQE,1149900,37036,2022,Elektro,,,,215,,,,,Ne,,,,Ano,,,Dojezd 693 km / Baterie 105 kWh,Dostupný,EnergyCars.cz,https://www.energycars.cz/vuz/mercedes-benz-eqe/
Elektrické,MINI Cooper SE,749900,4254,2024,Elektro,,,,,,,,,Ne,,,,Ne,,,Dojezd 305 km / Baterie 40 kWh,Dostupný,EnergyCars.cz,https://www.energycars.cz/vuz/mini-cooper-se/
Elektrické,MINI Cooper,529900,40763,2022,Elektro,,,,135,,,,"17""",Ne,,,,Ano,,,Dojezd 234 km,Odstraněno,EnergyCars.cz,https://www.energycars.cz/vuz/mini-cooper/
Elektrické,Opel Corsa,399900,62619,2021,Elektro,,,,100,,,,"17""",Ne,,,,Ne,,,Dojezd 337 km,Dostupný,EnergyCars.cz,https://www.energycars.cz/vuz/opel-corsa/
Elektrické,Renault ZOE,399900,8762,2021,Elektro,,,,80,,,,,Ne,,,,Ne,,,Dojezd 395 km,Dostupný,EnergyCars.cz,https://www.energycars.cz/vuz/renault-zoe/
Elektrické,Škoda Octavia,599900,72316,2020,Elektro,,,,110,,,,"18""",Ne,,,,Ne,,,Dojezd 68 km / Baterie 13 kWh,Odstraněno,EnergyCars.cz,https://www.energycars.cz/vuz/skoda-octavia/
Elektrické,Tesla Model 3,449900,134099,2020,Elektro,,,,239,,,,"18""",Ne,,,,Ne,,,Dojezd 409 km,Dostupný,EnergyCars.cz,https://www.energycars.cz/vuz/tesla-model-3-2/
Elektrické,Tesla Model 3,599900,131254,2021,Elektro,,,,208,,,,"18""",Ne,,,,Ne,,,Dojezd 448 km,Dostupný,EnergyCars.cz,https://www.energycars.cz/vuz/tesla-model-3-3/
Elektrické,Tesla Model 3,739900,122394,2022,Elektro,,,,366,,,,"18""",Ano,,,,Ano,,,Dojezd 614 km,Dostupný,EnergyCars.cz,https://www.energycars.cz/vuz/tesla-model-3-4/
Elektrické,Tesla Model 3,799900,47690,2021,Elektro,,,,377,,,,"20""",Ano,,,,Ano,,,Dojezd 567 km,Dostupný,EnergyCars.cz,https://www.energycars.cz/vuz/tesla-model-3-5/
Elektrické,Tesla Model 3,799900,47690,2021,Elektro,,,,377,,,,"20""",Ano,,,,Ano,,,Dojezd 567 km,Odstraněno,EnergyCars.cz,https://www.energycars.cz/vuz/tesla-model-3-6/
Elektrické,Tesla Model 3,779900,104201,2023,Elektro,,,,366,,,,"18""",Ano,,,,Ano,,,Dojezd 614 km,Odstraněno,EnergyCars.cz,https://www.energycars.cz/vuz/tesla-model-3-7/
Elektrické,Tesla Model 3,529000,139009,2020,Elektro,,,,324,,,,"19""",Ano,,,,Ne,,,Dojezd 560 km,Dostupný,EnergyCars.cz,https://www.energycars.cz/vuz/tesla-model-3/
Elektrické,Tesla Model X,669900,142875,2017,Elektro,,,,306,,,,"20""",Ano,,,,Ne,,,Dojezd 489 km / Baterie 90 kWh,Dostupný,EnergyCars.cz,https://www.energycars.cz/vuz/tesla-model-x/
Elektrické,Tesla Model Y,819900,120853,2023,Elektro,,,,378,,,,"19""",Ano,,,,Ano,,,Dojezd 542 km,Dostupný,EnergyCars.cz,https://www.energycars.cz/vuz/tesla-model-y/
Elektrické,VW Crafter,399900,88331,2021,Elektro,,,,100,,,,,Ne,,,,Ne,,,Dojezd 173 km,Odstraněno,EnergyCars.cz,https://www.energycars.cz/vuz/volkswagen-crafter/
Elektrické,VW ID.3,559900,28983,2022,Elektro,,,,107,,,,"19""",Ne,,,,Ne,,,Dojezd 427 km,Dostupný,EnergyCars.cz,https://www.energycars.cz/vuz/volkswagen-id-3-2/
Elektrické,VW ID.3,699900,9387,2024,Elektro,,,,150,,,,"18""",Ne,,,,Ne,,,Dojezd 434 km,Dostupný,EnergyCars.cz,https://www.energycars.cz/vuz/volkswagen-id-3-3/
Elektrické,VW ID.3,649900,28155,2022,Elektro,,,,150,,,,"19""",Ne,,,,Ne,,,Dojezd 553 km,Dostupný,EnergyCars.cz,https://www.energycars.cz/vuz/volkswagen-id-3-4/
Elektrické,VW ID.3,559900,53317,2022,Elektro,,,,150,,,,"18""",Ne,,,,Ne,,,Dojezd 427 km,Dostupný,EnergyCars.cz,https://www.energycars.cz/vuz/volkswagen-id-3-5/
Elektrické,VW ID.3,569900,15846,2021,Elektro,,,,150,,,,"20""",Ne,,,,Ne,,,Dojezd 426 km / Baterie 62 kWh,Dostupný,EnergyCars.cz,https://www.energycars.cz/vuz/volkswagen-id-3-6/
Elektrické,VW ID.3,669900,49455,2022,Elektro,,,,150,,,,"19""",Ne,,,,Ano,,,Dojezd 553 km,Dostupný,EnergyCars.cz,https://www.energycars.cz/vuz/volkswagen-id-3-7/
Elektrické,VW ID.3,669900,58498,2022,Elektro,,,,150,,,,"19""",Ne,,,,Ano,,,Dojezd 553 km,Dostupný,EnergyCars.cz,https://www.energycars.cz/vuz/volkswagen-id-3-8/
Elektrické,VW ID.3 Pro Performance,519900,37306,2021,Elektro,,,,150,,,,"18""",Ne,,,,Ano,,,Dojezd 427 km,Odstraněno,EnergyCars.cz,https://www.energycars.cz/vuz/volkswagen-id-3-pro-performance/
Elektrické,VW ID.3,799900,43169,2023,Elektro,,,,150,,,,"20""",Ne,,,,Ne,,,Dojezd 559 km / Baterie 82 kWh,Dostupný,EnergyCars.cz,https://www.energycars.cz/vuz/volkswagen-id-3/
Elektrické,VW ID.4,749900,67207,2022,Elektro,,,,150,,,,"19""",Ne,,,,Ne,,,Dojezd 537 km,Odstraněno,EnergyCars.cz,https://www.energycars.cz/vuz/volkswagen-id-4/
Elektrické,VW ID.5 GTX,769900,62144,2022,Elektro,,,,220,,,,"20""",Ano,,,,Ne,,,Dojezd 517 km,Dostupný,EnergyCars.cz,https://www.energycars.cz/vuz/volkswagen-id-5-gtx/
Elektrické,Volvo C40,819990,38063,2022,Elektro,,,,,,,,"19""",Ano,,,,Ne,,,Dojezd 449 km / Baterie 78 kWh,Dostupný,EnergyCars.cz,https://www.energycars.cz/vuz/volvo-c40/
Elektrické,Volvo XC40,684990,52414,2022,Elektro,,,,170,,,,"19""",Ne,,,,Ne,,,Dojezd 425 km / Baterie 63 kWh,Dostupný,EnergyCars.cz,https://www.energycars.cz/vuz/volvo-xc40/
Elektrické,MINI Electric,519900,62044,,Elektro,,,,135,,,,"17""",Ne,,,,Ano,,,Dojezd 234 km,Odstraněno,EnergyCars.cz,https://www.energycars.cz/vuz/mini-electric/
Elektrické,MINI Cooper SE,519900,62044,,Elektro,,,,,,,,"17""",Ne,,,,Ano,,,Dojezd 234 km,Dostupný,EnergyCars.cz,https://www.energycars.cz/vuz/mini-cooper-se-2/
Elektrické,MG ZS,529900,38245,2024,Elektro,,,,130,,,,"17""",Ne,,,,Ne,,,Dojezd 320 km,Dostupný,EnergyCars.cz,https://www.energycars.cz/vuz/mg-zs/
Elektrické,Maxus eDeliver 9,799900,15787,2022,Elektro,,,,150,,,,,Ne,,,,Ne,,,Dojezd 300 km / Baterie 89 kWh,Dostupný,EnergyCars.cz,https://www.energycars.cz/vuz/maxus-edeliver-9/
Elektrické,Cupra Born,649900,39715,2022,Elektro,,,,150,,,,"19""",Ne,,,,Ne,,,Dojezd 427 km,Odstraněno,EnergyCars.cz,https://www.energycars.cz/vuz/cupra-born/
Elektrické,Hyundai Ioniq 5,1199900,13950,2024,Elektro,,,,478,,,,"21""",Ano,,,,Ano,,,Dojezd 448 km,Dostupný,EnergyCars.cz,https://www.energycars.cz/vuz/hyundai-ioniq-5/
Elektrické,Tesla Model Y,799900,85683,2023,Elektro,,,,220,,,,"19""",Ne,,,,Ano,,,Dojezd 455 km,Dostupný,EnergyCars.cz,https://www.energycars.cz/vuz/tesla-model-y-2/
